categoryId;uri
108;dmoz/Society/Issues/Economic
479;dmoz/Business/Investing/Day_Trading
7382;dmoz/Business/International_Business_and_Trade/Associations
276;dmoz/Society/Politics
773;dmoz/Society/Issues/Territorial_Disputes
2007;dmoz/Society/Issues/Micronations
7307;dmoz/Society/Disabled/Independent_Living
41;dmoz/Society/Issues
161;dmoz/Society/Issues/Terrorism
164;dmoz/Society/Issues/Warfare_and_Conflict
171;dmoz/Society/Issues/Gun_Control
735;dmoz/Shopping/Recreation/Guns
2189;dmoz/Recreation/Guns/Directories
2697;dmoz/Society/Issues/Global
1;dmoz/Health
2425;dmoz/Health/Pharmacy/Nuclear_Pharmacy
501;dmoz/Science/Physics/Nuclear
318;dmoz/Society/Issues/Immigration
1811;dmoz/Society/Genealogy/Emigration_and_Immigration
6934;dmoz/Society/Military/People
203;dmoz/Society/Law/Law_Enforcement
7;dmoz/Arts
115;dmoz/Society/People
121;dmoz/Society/People/Women
302;dmoz/Computers/Security
286;dmoz/Society/History/By_Time_Period
2109;dmoz/Society/Government/Foreign_Ministries
885;dmoz/Society/Politics/Nationalism
6982;dmoz/Society/Politics/Globalization
7738;dmoz/Health/Child_Health/Growth_and_Development
324;dmoz/Society/Government/Finance
489;dmoz/Business/Financial_Services/Holding_Companies
1867;dmoz/Society/Philanthropy/Refugees
72;dmoz/Society/Issues/Transportation
328;dmoz/Business/Transportation_and_Logistics/Aviation
2038;dmoz/Recreation/Aviation/Multimedia
2075;dmoz/Recreation/Models/Rockets
139;dmoz/Society/Government
6839;dmoz/Shopping/Classifieds/Watercraft
19;dmoz/Business/Education_and_Training
2187;dmoz/Recreation/Climbing/Tree_Climbing
2390;dmoz/Sports/Events/Police_and_Fire_Games
124;dmoz/Health/Reproductive_Health
180;dmoz/Home/Family
261;dmoz/Computers/Internet/Web_Design_and_Development
779;dmoz/Business/Marketing_and_Advertising/Advertising
6913;dmoz/Home/Family/Family_Resources_and_Support
299;dmoz/Society/Ethnicity/Asian
1781;dmoz/Society/Holidays/Presidents'_Day
287;dmoz/Society/Military
123;dmoz/Society/Law/Legal_Information
11;dmoz/Society/Philanthropy
705;dmoz/Society/Issues/Race-Ethnic-Religious_Relations
7965;dmoz/Recreation/Outdoors/Parks
678;dmoz/Recreation/Travel/Preparation
331;dmoz/Society/Issues/Peace
285;dmoz/Society/History
643;dmoz/Society/Religion_and_Spirituality/Islam
2;dmoz/Health/Medicine
2048;dmoz/Society/Gay,_Lesbian,_and_Bisexual/Politics
7094;dmoz/Society/Military/Special_Operations
660;dmoz/Health/Reproductive_Health/Birth_Control
2459;dmoz/Society/Issues/Family_Planning
7154;dmoz/Health/Women's_Health/Organizations
18;dmoz/Business
736;dmoz/Business/Real_Estate
89;dmoz/Science/Earth_Sciences
605;dmoz/Science/Earth_Sciences/Atmospheric_Sciences
7946;dmoz/Computers/Artificial_Intelligence/Agents
10;dmoz/Society
126;dmoz/Society/Crime
128;dmoz/Society/Issues/Abortion
2024;dmoz/Recreation/Humor/Laws
2040;dmoz/Health/Reproductive_Health/Abortion
38;dmoz/Business/Energy/Oil_and_Gas
232;dmoz/Society/Issues/Violence_and_Abuse
749;dmoz/Arts/Animation/Voice_Actors
7772;dmoz/Recreation/Outdoors/Canopying
37;dmoz/Business/Energy
185;dmoz/Business/Transportation_and_Logistics
207;dmoz/Recreation/Pets
542;dmoz/Recreation/Pets/Dogs
221;dmoz/Science/Agriculture
2266;dmoz/Games/Tile_Games
2267;dmoz/Games/Tile_Games/Mah_Jongg
132;dmoz/Science/Environment/Water_Resources
42;dmoz/Society/Issues/Human_Rights_and_Liberties
256;dmoz/Sports/Soccer/Competitions
122;dmoz/Society/Law
39;dmoz/Business/Food_and_Related_Products
7243;dmoz/Society/Military/Directories
268;dmoz/Society/Issues/Business
2164;dmoz/Reference/Time
193;dmoz/Society/Relationships
107;dmoz/Business/Business_Services/Fire_and_Security
109;dmoz/Health/Public_Health_and_Safety
323;dmoz/Arts/Architecture
672;dmoz/Computers/Internet/Searching
1808;dmoz/Society/Issues/Government_Operations
140;dmoz/Society/Government/Multilateral
2681;dmoz/Sports/Soccer/Freestyle
271;dmoz/Science/Social_Sciences/Economics
6923;dmoz/Recreation/Aviation/Experience_Flights
7692;dmoz/Recreation/Aviation/Simulation
595;dmoz/Arts/Radio
329;dmoz/Business/Aerospace_and_Defense
330;dmoz/Business/Aerospace_and_Defense/Aeronautical
500;dmoz/Society/Issues/Environment
449;dmoz/Society/Issues/Crime_and_Justice
7285;dmoz/Society/Death/Near_Death_Experiences
7286;dmoz/Society/Folklore/Death_and_Funeral_Customs
6935;dmoz/Society/Gay,_Lesbian,_and_Bisexual/Law
411;dmoz/Business/Accounting
1698;dmoz/Sports/Martial_Arts/Tae_Kwon_Do
1154;dmoz/Recreation/Motorcycles/Events
333;dmoz/Society/Activism
1955;dmoz/Society/Activism/Anti-Corporation
1919;dmoz/Society/Crime/Prisons
7413;dmoz/Computers/Artificial_Life/Iterated_Prisoner_Dilemma
2056;dmoz/Society/Issues/Online_Issues_Polls
606;dmoz/Business/Chemicals
894;dmoz/Science/Chemistry
26;dmoz/Computers
141;dmoz/Reference
142;dmoz/Reference/Education
739;dmoz/Society/Issues/Children,_Youth_and_Family
1014;dmoz/Society/Philanthropy/Child_Welfare
361;dmoz/Recreation/Guns
6989;dmoz/Society/Government/Intelligence
7321;dmoz/Shopping/Classifieds/Free_Classifieds
144;dmoz/Science/Technology/Energy
99;dmoz/Business/Business_Services/Signage
543;dmoz/Health/Mental_Health
110;dmoz/Health/Public_Health_and_Safety/Emergency_Services
258;dmoz/Recreation/Scouting/Organizations
7729;dmoz/Business/Chemicals/Explosives
81;dmoz/Recreation/Aviation/Personal_Pages
260;dmoz/Science/Earth_Sciences/Geomatics
7564;dmoz/Recreation/Climbing/Ice_Climbing
56;dmoz/Shopping/Entertainment
615;dmoz/Business/Arts_and_Entertainment/Media_Production
762;dmoz/Arts/Video
2092;dmoz/Society/Issues/Housing
150;dmoz/Computers/Internet/On_the_Web
301;dmoz/Society/Politics/Campaigns_and_Elections
1938;dmoz/Society/Crime/Trials
7452;dmoz/Games/Puzzles/Self-Referential_Sentences
1800;dmoz/Reference/Libraries/Presidential
297;dmoz/Science/Social_Sciences/Psychology
423;dmoz/Society/Gay,_Lesbian,_and_Bisexual
120;dmoz/Recreation/Food/Drink
111;dmoz/Arts/Television
532;dmoz/Society/Issues/Animal_Welfare
620;dmoz/Arts/Design/Fashion
8795;dmoz/Shopping/Clothing/Fur
675;dmoz/Computers/Hacking
7340;dmoz/Sports/Jai_Alai
7532;dmoz/Sports/Jai_Alai/Frontons
1831;dmoz/Society/Death/Suicide
460;dmoz/Society/Crime/Murder
1935;dmoz/Society/Ethnicity/Italian
125;dmoz/Health/Reproductive_Health/Clinics_and_Services
2045;dmoz/Society/Philanthropy/Disaster_Relief_and_Recovery
392;dmoz/Sports/Motorsports
393;dmoz/Sports/Motorsports/Auto_Racing
49;dmoz/Games
50;dmoz/Games/Video_Games
8;dmoz/Arts/Movies
298;dmoz/Society/Ethnicity
898;dmoz/Society/Military/Aviation
6922;dmoz/Recreation/Aviation/Military
7446;dmoz/Business/Business_Services/Government_Contracting
712;dmoz/Games/Roleplaying
7543;dmoz/Computers/Speech_Technology/Research
14;dmoz/Sports
435;dmoz/Sports/Hockey/Ice_Hockey
63;dmoz/Society/Work
1943;dmoz/Sports/Martial_Arts/Korean
2008;dmoz/Society/Issues/Labor
21;dmoz/Business/Investing
233;dmoz/Society/Sexuality
1030;dmoz/Business/Accounting/Associations
7515;dmoz/Society/Paranormal/Organizations
897;dmoz/Sports/Martial_Arts/Submission_Fighting_and_MMA
2222;dmoz/Sports/Baseball/People
73;dmoz/Science/Environment
355;dmoz/Society/Issues/End-of-Life
597;dmoz/Sports/Soccer/UEFA
157;dmoz/Science/Social_Sciences
373;dmoz/Science/Social_Sciences/Linguistics
116;dmoz/Society/People/Generations_and_Age_Groups
269;dmoz/Business/International_Business_and_Trade
412;dmoz/Business/Accounting/Tax_Negotiation_and_Representation
2679;dmoz/Home/Personal_Finance/Tax_Preparation
1020;dmoz/Society/Law/Organizations
7628;dmoz/Reference/Libraries/Government_Documents
551;dmoz/Shopping/Jewelry
321;dmoz/Business/Telecommunications
103;dmoz/Computers/Hardware
7359;dmoz/Society/Holidays/May_Day
8469;dmoz/Science/Educational_Resources/Mentoring_Programs
40;dmoz/Business/Food_and_Related_Products/Fats_and_Oils
7328;dmoz/Computers/Software/Device_Drivers
35;dmoz/Sports/Baseball
289;dmoz/Society/Issues/Health
625;dmoz/Health/Conditions_and_Diseases/Infectious_Diseases
1310;dmoz/Society/People/Pen_Pals
911;dmoz/Business/Chemicals/Biochemical
7664;dmoz/Business/Mining_and_Drilling/Conferences
2444;dmoz/Society/Government/Guides_and_Directories
7907;dmoz/Sports/Boomerang/Competitions
1851;dmoz/Society/Religion_and_Spirituality/Religious_Tolerance
1852;dmoz/Society/Issues/Church-State_Relations
8172;dmoz/Society/Religion_and_Spirituality/Computers
227;dmoz/Society/Crime/Sex_Offenses
7041;dmoz/Society/Sexuality/Politics_of_Sexuality
2331;dmoz/Society/Military/Multinational_Forces
1834;dmoz/Health/Teen_Health/Drugs_and_Alcohol
7776;dmoz/Society/Organizations/Development
253;dmoz/Society/Religion_and_Spirituality/Christianity
4;dmoz/Science
204;dmoz/Business/Business_Services/Communications
32;dmoz/Sports/Football/American
143;dmoz/Reference/Education/Colleges_and_Universities
2460;dmoz/Science/Environment/Conferences
1948;dmoz/Society/Transgendered/Law
2446;dmoz/Home/Emergency_Preparation/Safety
2659;dmoz/Society/Crime/Research
737;dmoz/Business/Real_Estate/Residential
2062;dmoz/Home/Home_Improvement/Restoration
760;dmoz/Society/Ethnicity/Slavic
2536;dmoz/Society/Issues/Language
1784;dmoz/Recreation/Picture_Ratings
664;dmoz/Science/Technology/Space
325;dmoz/Business/Financial_Services/Banking_Services
12;dmoz/Health/Conditions_and_Diseases
274;dmoz/Health/Addictions
701;dmoz/Business/Accounting/Firms
574;dmoz/Arts/Animation
1115;dmoz/Society/Organizations/Animal_Welfare
1594;dmoz/Society/Holidays/Christmas
76;dmoz/Shopping/Recreation/Aviation
784;dmoz/Science/Environment/Climate_Change
863;dmoz/Science/Environment/Carbon_Cycle
303;dmoz/Computers/Security/Products_and_Tools
482;dmoz/Recreation/Pets/Cats
688;dmoz/Business/Publishing_and_Printing/Publishing
31;dmoz/Sports/Football
1062;dmoz/Reference/Education/K_through_12
33;dmoz/Sports/Soccer
2600;dmoz/Business/Financial_Services/Information_Services
7065;dmoz/Computers/Security/News_and_Media
404;dmoz/Society/Law/Employment
8622;dmoz/Sports/Flying_Discs/Double_Disc_Court
7800;dmoz/Society/Activism/Anti-Media
7469;dmoz/Recreation/Picture_Ratings/Parodies
1915;dmoz/Society/Ethnicity/German
211;dmoz/Society/People/Men
7348;dmoz/Society/Holidays/Father's_Day
246;dmoz/Arts/Online_Writing/Fiction
1982;dmoz/Recreation/Humor/Stories
533;dmoz/Recreation/Camps
1929;dmoz/Recreation/Humor/Pranks
77;dmoz/Science/Technology
5;dmoz/Science/Biology
93;dmoz/Science/Biology/Flora_and_Fauna
644;dmoz/Business/Transportation_and_Logistics/Moving_Services
8565;dmoz/Shopping/Vehicles/Directories
6851;dmoz/Science/Technology/Transportation
472;dmoz/Society/Issues/Poverty
776;dmoz/Society/Philanthropy/Hunger_Relief
474;dmoz/Society/Organizations/Student
654;dmoz/Society/Ethnicity/The_Americas
496;dmoz/Business/Management/Leadership
7682;dmoz/Science/Math/Reference
7423;dmoz/Computers/Hacking/Phreaking
9127;dmoz/Recreation/Motorcycles/Mopeds
539;dmoz/Sports/Soccer/News_and_Media
982;dmoz/Health/Conditions_and_Diseases/Allergies
700;dmoz/Health/Conditions_and_Diseases/Wounds_and_Injuries
7817;dmoz/Shopping/Clothing/Plus-Size
896;dmoz/Sports/Martial_Arts
319;dmoz/Society/Law/Services
495;dmoz/Computers/Security/Internet
916;dmoz/Society/Issues/Science_and_Technology
7365;dmoz/Society/Activism/Directories
304;dmoz/Computers/Software/File_Management
478;dmoz/Society/Religion_and_Spirituality/Buddhism
1853;dmoz/Society/Religion_and_Spirituality/Interfaith
2166;dmoz/Society/Holidays/Constitution_Day
7707;dmoz/Computers/Open_Source/Licenses
755;dmoz/Business/Financial_Services/Surety_Bonds
2711;dmoz/Games/Trading_Card_Games/Middle_Earth
1820;dmoz/Society/Issues/Property_Rights
7305;dmoz/Business/Real_Estate/Guides_and_Directories
7345;dmoz/Business/Financial_Services/Directories
7479;dmoz/Shopping/Home_and_Garden/Walls
993;dmoz/Society/Issues/Fraud
1928;dmoz/Society/Holidays/New_Year
1050;dmoz/Society/Issues/Intellectual_Property
1371;dmoz/Recreation/Humor/Satire
1790;dmoz/Computers/Internet/Abuse
2642;dmoz/Health/Services
471;dmoz/Health/Occupational_Health_and_Safety/Government_Agencies
801;dmoz/Health/Child_Health
512;dmoz/Health/Specific_Substances
514;dmoz/Health/Specific_Substances/Tobacco
7120;dmoz/Society/Military/Arts_and_Literature
9434;dmoz/Society/Work/Working_Abroad
7509;dmoz/Society/Philanthropy/International_Assistance
188;dmoz/Business/Transportation_and_Logistics/Urban_Transport
1221;dmoz/Recreation/Outdoors/Hiking
1987;dmoz/Science/Technology/Military_Science
1940;dmoz/Business/Financial_Services/World_War_II_Dormant_Accounts
2182;dmoz/Society/Ethnicity/Jewish
556;dmoz/Reference/Education/International
977;dmoz/Society/Issues/Education
1137;dmoz/Reference/Education/Special_Education
2262;dmoz/Sports/Basketball/Beach_Basketball
78;dmoz/Science/Technology/Aerospace
1880;dmoz/Business/Major_Companies
1796;dmoz/Society/Crime/Victims
2432;dmoz/Business/Investing/Clearing_Houses_and_Securities_Depositories
2352;dmoz/Sports/Equestrian/Buzkashi
554;dmoz/Health/Conditions_and_Diseases/Cancer
75;dmoz/Shopping/Recreation
230;dmoz/Science/Astronomy
367;dmoz/Recreation/Outdoors/Camping
674;dmoz/Society/Holidays
151;dmoz/Business/Marketing_and_Advertising
58;dmoz/Arts/Music
238;dmoz/Business/Biotechnology_and_Pharmaceuticals
43;dmoz/Shopping
467;dmoz/Shopping/Consumer_Electronics
370;dmoz/Health/Medicine/Facilities
198;dmoz/Shopping/Food
415;dmoz/Recreation/Autos
7501;dmoz/Society/Politics/Revolution
6861;dmoz/Health/Mental_Health/Stress
1104;dmoz/Science/Biology/Cell_Biology
1801;dmoz/Society/Activism/Strategies
2159;dmoz/Shopping/Antiques_and_Collectibles/Paper_Money
1032;dmoz/Health/Mental_Health/Grief,_Loss_and_Bereavement
1819;dmoz/Society/Law/Reference
7117;dmoz/Society/Work/Labor-Management_Relations
7619;dmoz/Recreation/Roads_and_Highways/Africa
7812;dmoz/Sports/Events/African_Games
22;dmoz/Business/Investing/Stocks_and_Bonds
1777;dmoz/Home/Consumer_Information/Complaints
7862;dmoz/Business/Telecommunications/Regulation
505;dmoz/Society/Philanthropy/Grants
263;dmoz/Business/News_and_Media
1598;dmoz/Arts/Genres/Horror
1668;dmoz/Society/People/Otherkin
7197;dmoz/Home/Family/Runaways
7634;dmoz/Society/Philanthropy/Homeless
2426;dmoz/Science/Earth_Sciences/Paleogeography_and_Paleoclimatology
2188;dmoz/Society/Gay,_Lesbian,_and_Bisexual/Activism
300;dmoz/Society/Religion_and_Spirituality/Opposing_Views
7408;dmoz/Arts/Bodyart/Image_Galleries
811;dmoz/Health/Conditions_and_Diseases/Neurological_Disorders
6835;dmoz/Society/Issues/Gambling
8585;dmoz/Games/Gambling/News_and_Media
742;dmoz/Games/Video_Games/Massive_Multiplayer_Online
2054;dmoz/Society/Work/Workweek_Reduction
431;dmoz/Business/Financial_Services/Investment_Banks
7096;dmoz/Society/Crime/Domestic_Violence
6943;dmoz/Business/Healthcare/Economics
469;dmoz/Society/Politics/Lobbying
1972;dmoz/Society/Crime/Kidnapping
2692;dmoz/Society/Politics/Civic_Participation
7191;dmoz/Business/Financial_Services/Commercial_Lending
2577;dmoz/Health/Senses/Hearing
8724;dmoz/Health/Fitness/Nia
7343;dmoz/Society/Activism/Petitions
249;dmoz/Arts/Literature
549;dmoz/Arts/Literature/World_Literature
463;dmoz/Shopping/Vehicles/Parts_and_Accessories
177;dmoz/Shopping/Clothing
780;dmoz/Science/Instruments_and_Supplies
781;dmoz/Science/Instruments_and_Supplies/Laboratory_Equipment
96;dmoz/Arts/Music/Instruments
684;dmoz/Arts/Animation/Anime
1807;dmoz/Society/Issues/Conspiracy
903;dmoz/Reference/Education/Products_and_Services
1783;dmoz/Recreation/Autos/Driving_and_Safety
1021;dmoz/Business/Financial_Services/Medical_Billing
750;dmoz/Health/Alternative/Reflexology
891;dmoz/Business/Agriculture_and_Forestry/Barns_and_Structures
425;dmoz/Society/Gay,_Lesbian,_and_Bisexual/Religion_and_Spirituality
2542;dmoz/Society/Issues/Gay,_Lesbian,_and_Bisexual
100;dmoz/Business/Financial_Services
2602;dmoz/Science/Social_Sciences/Public_Administration
2498;dmoz/Society/Organizations/Directories
340;dmoz/Home/Personal_Finance
6820;dmoz/Recreation/Guns/Regulatory_and_Legal
119;dmoz/Recreation/Food
7606;dmoz/Society/Ethnicity/Hispanic_and_Latino
7172;dmoz/Recreation/Guns/Reloading
757;dmoz/Society/Ethnicity/African
1309;dmoz/Computers/Hardware/Historical
1864;dmoz/Computers/Emulators/DEC
163;dmoz/Shopping/Niche/Military
494;dmoz/Computers/Security/Policy
7109;dmoz/Games/Online/Simulations
913;dmoz/Business/Financial_Services/Loans
1180;dmoz/Society/Religion_and_Spirituality/Hinduism
2581;dmoz/Business/News_and_Media/Research_Reports
6824;dmoz/Business/Major_Companies/Company_Information
6999;dmoz/Shopping/Children/Safety_Products_and_Services
2315;dmoz/Society/Philanthropy/Free_Donations
7735;dmoz/Home/Personal_Finance/Software
709;dmoz/Games/Gambling
1613;dmoz/Games/Gambling/Guides
1084;dmoz/Health/Alternative/Naturopathy
887;dmoz/Society/Work/Labor_Movement
493;dmoz/Society/Politics/Conservatism
146;dmoz/Business/Energy/Management
2529;dmoz/Society/Ethnicity/Dutch
2381;dmoz/Society/Military/Weapons_and_Equipment
8870;dmoz/Computers/Hacking/Software_Piracy
1969;dmoz/Sports/Korfball/Clubs
296;dmoz/Society/Religion_and_Spirituality/Religious_Studies
2224;dmoz/Society/Religion_and_Spirituality/Directories
458;dmoz/Society/Crime/Organized_Crime
521;dmoz/Computers/Systems/Handhelds
1840;dmoz/Health/Medicine/Personal_Pages
488;dmoz/Society/Politics/Consultants
7901;dmoz/Arts/Animation/Training
944;dmoz/Business/Investing/Real_Estate
622;dmoz/Business/Financial_Services/Mortgages
7057;dmoz/Health/Aging/Life_Expectancy
6974;dmoz/Society/Issues/Older_Citizens
7290;dmoz/Health/Senior_Health/Caregiver_Support
9049;dmoz/Reference/Knowledge_Management/Publications
7104;dmoz/Society/Work/Job_Sharing
8518;dmoz/Recreation/Radio/Citizen_Band
8727;dmoz/Games/Gambling/Chats_and_Forums
1353;dmoz/Health/Mental_Health/Child_and_Adolescent
2105;dmoz/Sports/Basketball/Youth_and_High_School
2151;dmoz/Society/Holidays/Canada_Day
8173;dmoz/Society/Religion_and_Spirituality/Gender_and_Sexuality
761;dmoz/Society/Government/Government-Related_Organizations
948;dmoz/Business/Employment/Job_Search
270;dmoz/Business/International_Business_and_Trade/Services
1182;dmoz/Science/Earth_Sciences/Natural_Disasters_and_Hazards
1043;dmoz/Recreation/Travel/Transportation
228;dmoz/Society/Support_Groups
6916;dmoz/Society/Support_Groups/Rape
650;dmoz/Society/Disabled
7053;dmoz/Health/Support_Groups/Disability
7859;dmoz/Society/Issues/Disabilities
364;dmoz/Business/Arts_and_Entertainment/Amusement_Parks_and_Attractions
7588;dmoz/Sports/Strength_Sports/Strongman
7049;dmoz/Shopping/Sports/Bocce
504;dmoz/Business/Investing/Funds
649;dmoz/Science/Environment/Energy
7484;dmoz/Sports/Strength_Sports/Tug-of-War
7428;dmoz/Shopping/Ethnic_and_Regional/Middle_Eastern
1294;dmoz/Shopping/Home_and_Garden/Home_Improvement
343;dmoz/Business/Financial_Services/Merchant_Services
7332;dmoz/Recreation/Kites/Rules
2012;dmoz/Society/Organizations/Advocacy
722;dmoz/Business/Investing/Commodities_and_Futures
807;dmoz/Shopping/Children/Home_Decor
1181;dmoz/Society/Religion_and_Spirituality/Judaism
2371;dmoz/Sports/Motorsports/Drivers
315;dmoz/Business/Materials/Pulp_and_Paper
7613;dmoz/Society/Sexuality/Children_and_Adolescents
588;dmoz/Health/Women's_Health
80;dmoz/Recreation/Aviation
1827;dmoz/Society/Work/Whistleblowing
186;dmoz/Business/Transportation_and_Logistics/Bus
2102;dmoz/Society/Relationships/Marriage
74;dmoz/Science/Environment/Organizations
7119;dmoz/Business/Real_Estate/Undeveloped_or_Vacant
1105;dmoz/Science/Biology/Biotechnology
7589;dmoz/Computers/Organizations/Committees
723;dmoz/Arts/Music/Trading
2551;dmoz/Business/Financial_Services/College_Financing
1889;dmoz/Society/Politics/Directories
1710;dmoz/Society/Religion_and_Spirituality/Atheism
7998;dmoz/Arts/Animation/News_and_Media
418;dmoz/Shopping/Classifieds/Automotive
2422;dmoz/Recreation/Autos/Image_Galleries
2276;dmoz/Reference/Education/Directories
2632;dmoz/Reference/Education/Subjects
697;dmoz/Recreation/Roads_and_Highways/Route_66
7217;dmoz/Reference/Maps/Trip_Routing
2059;dmoz/Society/Subcultures/Mod
7176;dmoz/Business/Cooperatives/Retail_Trade
1989;dmoz/Home/Emergency_Preparation
2638;dmoz/Society/Activism/In_Daily_Life
486;dmoz/Business/Management
62;dmoz/Computers/Internet/E-mail
2597;dmoz/Reference/Directories/E-mail
2684;dmoz/Shopping/Home_and_Garden/Recycling
1550;dmoz/Home/Family/Adoption
8564;dmoz/Science/Instruments_and_Supplies/Lab_Notebooks_and_Record_Keeping
229;dmoz/Society/Support_Groups/Sexual_Abuse
1123;dmoz/Reference/Education/Educators
7431;dmoz/Recreation/Guns/Airguns
2519;dmoz/Health/Senior_Health/Well-Being_and_Safety
2041;dmoz/Recreation/Boating/Education
2192;dmoz/Recreation/Boating/Safety
1551;dmoz/Computers/Software/Document_Management
175;dmoz/Shopping/Children/Baby
181;dmoz/Home/Family/Pregnancy
1207;dmoz/Society/Government/Parliaments_and_Legislatures
2656;dmoz/Health/Professions/Medical_Assistant
272;dmoz/Science/Technology/Materials
2495;dmoz/Computers/Internet/Policy
7908;dmoz/Computers/Internet/Child_Safety
7252;dmoz/Arts/Performing_Arts/Stunts
693;dmoz/Arts/Music/Reviews
7971;dmoz/Recreation/Roads_and_Highways/Asia
1012;dmoz/Home/Family/Childcare
740;dmoz/Science/Environment/Sustainability
313;dmoz/Science/Biology/Zoology
8351;dmoz/Business/Human_Resources/Associations
7891;dmoz/Society/Organizations/Social
1577;dmoz/Recreation/Travel/Lodging
1433;dmoz/Business/Industrial_Goods_and_Services/Factory_Automation
2212;dmoz/Home/Entertaining/Party_Planning
661;dmoz/Science/Social_Sciences/Urban_and_Regional_Planning
534;dmoz/Recreation/Camps/North_America
901;dmoz/Health/Conditions_and_Diseases/Immune_Disorders
1289;dmoz/Shopping/Antiques_and_Collectibles/Toys_and_Games
8407;dmoz/Games/Trading_Card_Games/Battletech
6890;dmoz/Recreation/Humor/Animals
344;dmoz/Home/Personal_Finance/Money_Management
470;dmoz/Health/Occupational_Health_and_Safety
288;dmoz/Business/Transportation_and_Logistics/Maritime
1393;dmoz/Computers/Multimedia/Software
1892;dmoz/Business/Financial_Services/Automobile_Buying_and_Financing
6821;dmoz/Recreation/Guns/Homemade
8495;dmoz/Games/Trading_Card_Games/Young_Jedi
601;dmoz/Business/Energy/Renewable
2178;dmoz/Society/Work/Part-Time_Employment
1144;dmoz/Business/Employment/Recruitment_and_Staffing
2442;dmoz/Computers/Companies/Yahoo_Inc.
8713;dmoz/Computers/Programming/Operating_Systems
2176;dmoz/Health/Nutrition/School_Meals
6904;dmoz/Business/Accounting/Business-to-Business
362;dmoz/Recreation/Guns/Competition_Shooting
828;dmoz/Business/International_Business_and_Trade/Import_and_Export
7608;dmoz/Society/Work/Workplace_Discrimination
685;dmoz/Business/Financial_Services/Cash_Flow
8279;dmoz/Society/Genealogy/By_Ethnic_Group
2570;dmoz/Business/Management/Strategy_and_Forecasting
7384;dmoz/Society/Relationships/Forgiveness
6867;dmoz/Health/Aging
7548;dmoz/Health/Aging/Education
2199;dmoz/Society/Future/Catastrophes
459;dmoz/Society/Crime/Prevention
244;dmoz/Shopping/Publications/Books
7574;dmoz/Games/Miniatures/Software
259;dmoz/Computers/Software/Marketing
1022;dmoz/Shopping/Antiques_and_Collectibles/Stamps
1085;dmoz/Business/Information_Technology
1430;dmoz/Business/Information_Technology/News_and_Media
7464;dmoz/Society/Activism/Nonviolence
473;dmoz/Society/Organizations
7639;dmoz/Society/Crime/Abuse
196;dmoz/Business/Marketing_and_Advertising/Branding
9205;dmoz/Society/Ethnicity/Albanian
6929;dmoz/Reference/Almanacs/Regional
2333;dmoz/Home/Moving_and_Relocating
2334;dmoz/Home/Moving_and_Relocating/Moving
8217;dmoz/Business/Aerospace_and_Defense/Conferences
7963;dmoz/Science/Social_Sciences/Ethnic_Studies
414;dmoz/Computers/Speech_Technology
2055;dmoz/Society/Politics/Democracy
604;dmoz/Science/Technology/Mining
8005;dmoz/Society/Philosophy/Philosophy_of_Education
1856;dmoz/Society/Military/Image_Galleries
8575;dmoz/Business/Management/Value_Based_Management
8653;dmoz/Health/Nursing/Students
1868;dmoz/Home/Urban_Living
7058;dmoz/Business/Agriculture_and_Forestry/Associations
8630;dmoz/Recreation/Guns/Wholesalers_and_Distributors
8011;dmoz/Society/Disabled/Organizations
341;dmoz/Business/Financial_Services/Financial_Planning
7079;dmoz/Society/Religion_and_Spirituality/Morality
487;dmoz/Business/Management/Consulting
2533;dmoz/Science/Technology/Lighting
2610;dmoz/Business/Agriculture_and_Forestry/Consulting
925;dmoz/Society/Religion_and_Spirituality/African
7391;dmoz/Recreation/Guns/Events
257;dmoz/Recreation/Scouting
145;dmoz/Business/Energy/Utilities
1937;dmoz/Science/Social_Sciences/Criminology
892;dmoz/Recreation/Outdoors/Wildlife
8223;dmoz/Health/Animal/Wildlife
7276;dmoz/Business/Management/Organizational_Change
154;dmoz/Arts/Music/Marching
1888;dmoz/Recreation/Parties/Planning
537;dmoz/Recreation/Camps/Day
2708;dmoz/Society/Holidays/Bastille_Day
480;dmoz/Business/Marketing_and_Advertising/Consulting
2165;dmoz/Home/Consumer_Information/Price_Comparisons
7339;dmoz/Arts/Music/Regional
334;dmoz/Society/Activism/Regional
312;dmoz/Business/Industrial_Goods_and_Services/Casting,_Molding,_Machining
2573;dmoz/Business/Marketing_and_Advertising/News_and_Media
1823;dmoz/Business/Investing/Guides
117;dmoz/Arts/Music/Concerts_and_Events
277;dmoz/Society/Politics/Socialism
933;dmoz/Business/Construction_and_Maintenance/Residential_Housing
1191;dmoz/Arts/Radio/Regional
7640;dmoz/Health/Mental_Health/Psychological_Abuse
1400;dmoz/Business/Transportation_and_Logistics/Towing_and_Recovery
1993;dmoz/Recreation/Roads_and_Highways/Historic
7871;dmoz/Recreation/Tobacco/Cigarettes
8263;dmoz/Science/Earth_Sciences/Research_Funding
450;dmoz/Society/Philanthropy/Cheer_and_Support
8821;dmoz/Science/Instruments_and_Supplies/Lab_Safety_Equipment
1125;dmoz/Science/Biology/Genetics
457;dmoz/Society/Crime/Theft
6965;dmoz/Sports/Officiating
1595;dmoz/Society/People/Expatriates
1832;dmoz/Society/Holidays/Guy_Fawkes_Day
1554;dmoz/Society/Genealogy/Services
7723;dmoz/Science/Social_Sciences/Demography_and_Population_Studies
2634;dmoz/Recreation/Roads_and_Highways/Periodicals
7860;dmoz/Society/Disabled/Disability_Studies
7322;dmoz/Society/Politics/Chats_and_Forums
446;dmoz/Business/Human_Resources/Compensation_and_Benefits
957;dmoz/Health/Medicine/Evidence_Based_Medicine
2528;dmoz/Shopping/Vehicles/Trucks,_Vans,_and_Sport_Utility
243;dmoz/Shopping/Publications
7715;dmoz/Arts/Video/Community_Video
7488;dmoz/Home/Family/Foster_Care
2676;dmoz/Science/Chemistry/Nobel_Prize_in_Chemistry
387;dmoz/Recreation/Outdoors/Hunting
409;dmoz/Recreation/Roads_and_Highways/North_America
127;dmoz/Society/Law/Products
8824;dmoz/Society/Relationships/Intergenerational
686;dmoz/Arts/Music/Education
827;dmoz/Society/Ethnicity/Celtic
1010;dmoz/Arts/Television/Cable_Television
7199;dmoz/Recreation/Autos/Events_and_Shows
1071;dmoz/Science/Social_Sciences/Social_Work
7241;dmoz/Games/Trading_Card_Games/Harry_Potter
794;dmoz/Arts/Education/Language_Arts
746;dmoz/Computers/Software/Project_Management
2325;dmoz/Society/Disabled/Employment
8450;dmoz/Shopping/Antiques_and_Collectibles/Beer_Steins_and_Glasses
2304;dmoz/Home/Apartment_Living
433;dmoz/Sports/Hockey
2670;dmoz/Games/Dice/Farkle
845;dmoz/Business/Construction_and_Maintenance/Building_Types
1163;dmoz/Recreation/Birding
603;dmoz/Recreation/Boating/Paddling
7114;dmoz/Society/Work/Unemployment
7585;dmoz/Health/Men's_Health/Resources
8825;dmoz/Health/Beauty/Salons_and_Spas
1779;dmoz/Society/People/Requesting_Help
7270;dmoz/Society/Politics/Global_Governance
7320;dmoz/Recreation/Roads_and_Highways/Photography
7005;dmoz/Recreation/Humor/Insults
7960;dmoz/Recreation/Collecting/Slot_Machines
7649;dmoz/Business/International_Business_and_Trade/International_Taxation
812;dmoz/Health/Mental_Health/Disorders
101;dmoz/Business/Financial_Services/Insurance
831;dmoz/Business/Mining_and_Drilling/Mineral_Exploration_and_Extraction
374;dmoz/Society/Military/Veterans
1908;dmoz/Society/Holidays/Veterans_Day
1411;dmoz/Business/Financial_Services/Payroll_Services
2085;dmoz/Computers/Companies/Google,_Inc.
1095;dmoz/Games/Gambling/Lotteries
716;dmoz/Business/Retail_Trade/Retailers
583;dmoz/Health/Conditions_and_Diseases/Sleep_Disorders
237;dmoz/Recreation/Travel/Travelogues
1953;dmoz/Business/International_Business_and_Trade/Conferences
7696;dmoz/Reference/Education/Journals
7425;dmoz/Recreation/Antiques/Telephones_and_Telegraphs
519;dmoz/Shopping/Toys_and_Games/Stuffed_Animals
1031;dmoz/Society/Death/In_Memoriam
7138;dmoz/Society/Organizations/Welfare
240;dmoz/Business/Healthcare
555;dmoz/Business/Healthcare/Products_and_Services
2310;dmoz/Society/Transgendered/Male_to_Female
717;dmoz/Society/Ethnicity/Indigenous_People
765;dmoz/Science/Agriculture/Forestry
777;dmoz/Business/Electronics_and_Electrical/Substation_and_Transmission
2000;dmoz/Society/Religion_and_Spirituality/Jainism
1898;dmoz/Business/Business_Services/Corporate_Relocation
2218;dmoz/Arts/Television/News
2613;dmoz/Shopping/Health/Substance_Abuse
2534;dmoz/Computers/Programming/History
2364;dmoz/Health/Specific_Substances/Dairy_Products
8387;dmoz/Arts/Digital/Virtual_Reality
1947;dmoz/Society/Law/Courts
2005;dmoz/Society/Genealogy/Military
7126;dmoz/Business/Major_Companies/Company_Rankings
645;dmoz/Society/People/Lost_or_Missing
320;dmoz/Science/Environment/Biodiversity
17;dmoz/Society/Philanthropy/Organizations
365;dmoz/Sports/Equestrian/Vacations_and_Touring
385;dmoz/Sports/Running
718;dmoz/Business/Industrial_Goods_and_Services/Engineering
793;dmoz/Arts/Education
455;dmoz/Shopping/Vehicles
430;dmoz/Science/Social_Sciences/Archaeology
1146;dmoz/Reference/Libraries
481;dmoz/Business/Industrial_Goods_and_Services/Packaging
23;dmoz/Health/Medicine/Surgery
55;dmoz/Business/Arts_and_Entertainment/Music
252;dmoz/Society/Religion_and_Spirituality
388;dmoz/Business/Agriculture_and_Forestry
636;dmoz/Business/Agriculture_and_Forestry/Livestock
731;dmoz/Sports/Cycling
713;dmoz/Games/Roleplaying/Genres
452;dmoz/Business/Consumer_Goods_and_Services/Watercraft
704;dmoz/Recreation/Travel/Specialty_Travel
275;dmoz/Health/Addictions/Substance_Abuse
168;dmoz/Business/Construction_and_Maintenance
169;dmoz/Business/Construction_and_Maintenance/Materials_and_Supplies
696;dmoz/Business/Transportation_and_Logistics/Trucking
212;dmoz/Arts/Television/Programs
461;dmoz/Recreation/Autos/Makes_and_Models
656;dmoz/Home/Consumer_Information
348;dmoz/Business/Retail_Trade
375;dmoz/Science/Physics
197;dmoz/Business/Consumer_Goods_and_Services/Electronics
44;dmoz/Shopping/Health
602;dmoz/Recreation/Boating
540;dmoz/Recreation/Humor
46;dmoz/Sports/Football/Rugby_Union
201;dmoz/Computers/Systems
129;dmoz/Business/Environment
599;dmoz/Arts/Music/Vocal
357;dmoz/Science/Biology/Biochemistry_and_Molecular_Biology
988;dmoz/Computers/Artificial_Intelligence
236;dmoz/Recreation/Travel
79;dmoz/Recreation
405;dmoz/Shopping/Recreation/Outdoors
991;dmoz/Recreation/Outdoors/Fishing
66;dmoz/Computers/Software/Internet
1218;dmoz/Computers/Data_Formats
690;dmoz/Computers/Software/Databases
159;dmoz/Arts/Visual_Arts
1247;dmoz/Society/Religion_and_Spirituality/Divination
566;dmoz/Games/Online
68;dmoz/Business/Business_Services
421;dmoz/Business/Consumer_Goods_and_Services/Clothing
443;dmoz/Business/Hospitality
310;dmoz/Computers/Multimedia
1238;dmoz/Shopping/Recreation/Models
453;dmoz/Sports/Water_Sports
662;dmoz/Business/Construction_and_Maintenance/Design
850;dmoz/Arts/Crafts
368;dmoz/Business/Arts_and_Entertainment/Media_Conglomerates
2673;dmoz/Home/Family/Large_Families
7193;dmoz/Sports/Track_and_Field/Jumps
1843;dmoz/Society/Holidays/Martin_Luther_King_Jr._Day
1952;dmoz/Sports/Martial_Arts/Russian
1212;dmoz/Home/Rural_Living
94;dmoz/Shopping/Pets
559;dmoz/Arts/Writers_Resources
1093;dmoz/Shopping/Health/Reproduction_and_Sexuality
7224;dmoz/Health/Men's_Health/Sexuality
7260;dmoz/Society/Organizations/Local_Currency_Systems
616;dmoz/Science/Earth_Sciences/Oceanography
8248;dmoz/Science/Anomalies_and_Alternative_Science/Orgone_Energy
483;dmoz/Sports/Running/Cross_Country
1932;dmoz/Society/Religion_and_Spirituality/Falun_Dafa
8664;dmoz/Health/Support_Groups/Surgery
743;dmoz/Recreation/Collecting/Paper_Money
1333;dmoz/Science/Science_in_Society/Forensic_Science
2628;dmoz/Shopping/Antiques_and_Collectibles/Supplies
8190;dmoz/Business/Healthcare/Case_Management
1384;dmoz/Health/Mental_Health/Professional_Resources
7919;dmoz/Games/Trading_Card_Games/Dark_Eden
8596;dmoz/Science/Earth_Sciences/Quaternary_Studies
1786;dmoz/Society/Philanthropy/Gifts_in_Kind
2108;dmoz/Arts/Writers_Resources/Publishing
2111;dmoz/Society/Government/Defense_Ministries
7512;dmoz/Society/Military/News_and_Media
113;dmoz/Arts/Performing_Arts
114;dmoz/Arts/Performing_Arts/Theatre
353;dmoz/Recreation/Collecting
698;dmoz/Games/Video_Games/Simulation
138;dmoz/Games/Board_Games
565;dmoz/Arts/Performing_Arts/Dance
862;dmoz/Home/Personal_Finance/Insurance
7175;dmoz/Business/Management/Strategic_Management
176;dmoz/Shopping/Children/Blankets_and_Bedding
2512;dmoz/Society/Work/Rethinking_Work
7721;dmoz/Society/Work/Work_and_Family
7583;dmoz/Health/Occupational_Health_and_Safety/Emergency_Preparedness
7183;dmoz/Home/Personal_Finance/Retirement
187;dmoz/Business/Transportation_and_Logistics/Traffic_Control
7045;dmoz/Recreation/Roads_and_Highways/Online_Traffic_Cameras
2301;dmoz/Sports/Strength_Sports/Arm_Wrestling
1824;dmoz/Health/Child_Health/Information_and_Advice
2588;dmoz/Health/Public_Health_and_Safety/Rural_Health
2069;dmoz/Society/Ethnicity/Portuguese
349;dmoz/Business/Retail_Trade/Technology
7478;dmoz/Science/Agriculture/Conferences
112;dmoz/Arts/Television/People
1942;dmoz/Society/Politics/Federalism_and_Devolution
92;dmoz/Arts/Music/DJs
768;dmoz/Health/Pharmacy/Drugs_and_Medications
222;dmoz/Science/Agriculture/Animals
1341;dmoz/Shopping/Home_and_Garden/Fertilizers_and_Soil_Additives
763;dmoz/Society/Religion_and_Spirituality/Humanism
60;dmoz/Arts/Music/Collecting
2336;dmoz/Computers/Usenet/Moderation
550;dmoz/Society/Future
359;dmoz/Health/Conditions_and_Diseases/Cardiovascular_Disorders
2344;dmoz/Computers/Software/Beta_Releases
87;dmoz/Business/Consumer_Goods_and_Services
7929;dmoz/Computers/Programming/Agents
7450;dmoz/Society/Disabled/Children
401;dmoz/Science/Technology/Safety_Engineering
1806;dmoz/Reference/Education/How_to_Study
2635;dmoz/Recreation/Roads_and_Highways/Europe
6822;dmoz/Science/Agriculture/Fisheries
7396;dmoz/Science/Earth_Sciences/Conferences
642;dmoz/Business/Investing/Socially_Responsible
7397;dmoz/Society/Organizations/Chivalric
192;dmoz/Arts/Movies/Filmmaking
8665;dmoz/Recreation/Knives/Organizations
979;dmoz/Arts/Performing_Arts/Performers
8323;dmoz/Business/Transportation_and_Logistics/Employment
7652;dmoz/Computers/Companies/Oracle_Corporation
1193;dmoz/Computers/Education/Certification
1449;dmoz/Reference/Museums/Military
2241;dmoz/Society/Holidays/Columbus_Day
7601;dmoz/Health/Education/Transplantation
194;dmoz/Society/Relationships/Weddings
522;dmoz/Business/Telecommunications/Equipment
366;dmoz/Recreation/Outdoors
83;dmoz/Shopping/Sports
34;dmoz/Sports/Soccer/CONCACAF
728;dmoz/Computers/Software/Operating_Systems
136;dmoz/Shopping/Toys_and_Games
2385;dmoz/Sports/Soccer/Statistics
8487;dmoz/Home/Cooking/Meat_Substitutes
778;dmoz/Business/Aerospace_and_Defense/Defense
1902;dmoz/Reference/Ask_an_Expert
7466;dmoz/Reference/Ask_an_Expert/Science
267;dmoz/Business/Small_Business
8268;dmoz/Computers/Security/Chats_and_Forums
711;dmoz/Business/Small_Business/Start_Up
706;dmoz/Business/Telecommunications/Call_Centers
7448;dmoz/Computers/Internet/Telephony
428;dmoz/Society/Gay,_Lesbian,_and_Bisexual/News_and_Media
2727;dmoz/Business/Opportunities/Partners_Programs
1871;dmoz/Society/Politics/Fascism
2417;dmoz/Business/Human_Resources/Training_and_Safety
1941;dmoz/Business/Investing/Payment_Associations
6898;dmoz/Science/Social_Sciences/Education
363;dmoz/Recreation/Theme_Parks/Disney
594;dmoz/Home/Family/Parenting
118;dmoz/Arts/Movies/Film_Festivals
189;dmoz/Arts/Movies/Cultures_and_Groups
7308;dmoz/Games/Party_Games/Murder_Mystery
2091;dmoz/Shopping/Home_and_Garden/Do-It-Yourself
8082;dmoz/Science/Chemistry/Research_Groups
426;dmoz/Arts/Performing_Arts/Acting
758;dmoz/Arts/Entertainment
1498;dmoz/Arts/Entertainment/News_and_Media
2150;dmoz/Home/Personal_Finance/Unclaimed_Money
413;dmoz/Computers/Software/Accounting
545;dmoz/Computers/Programming
610;dmoz/Computers/Programming/Languages
926;dmoz/Society/Death
927;dmoz/Society/Death/Death_Care
3;dmoz/Health/Medicine/Medical_Specialties
2163;dmoz/Society/Holidays/Day_of_the_Dead
1338;dmoz/Society/Ethnicity/Greek
8410;dmoz/Health/Dentistry/Resources
1897;dmoz/Society/Holidays/Australia_Day
8300;dmoz/Computers/Emulators/Amiga
7492;dmoz/Recreation/Scouting/Scholarships
658;dmoz/Recreation/Models
7872;dmoz/Science/Environment/Impact_Assessment
7410;dmoz/Recreation/Whips
7303;dmoz/Computers/Supercomputing/Conferences
7334;dmoz/Science/Technology/Conferences_and_Events
608;dmoz/Business/Transportation_and_Logistics/Rail
7139;dmoz/Sports/Events/Military_World_Games
7979;dmoz/Society/Ethnicity/Haitian
2691;dmoz/Society/Relationships/Divorce
1177;dmoz/Shopping/Crafts/Woodcraft
9273;dmoz/Sports/Events/European_Youth_Olympic_Days
7300;dmoz/Shopping/Health/Orthopedic
907;dmoz/Business/Consumer_Goods_and_Services/Firearms
7899;dmoz/Business/Real_Estate/Property_Management
1147;dmoz/Reference/Libraries/Friends_of_the_Library
9181;dmoz/Reference/Archives/Personal
1787;dmoz/Society/Transgendered/Coming_Out
408;dmoz/Recreation/Roads_and_Highways
1991;dmoz/Recreation/Roads_and_Highways/Caribbean
8122;dmoz/Shopping/Ethnic_and_Regional/Caribbean
823;dmoz/Society/Organizations/Service_Clubs
491;dmoz/Science/Technology/Structural_Engineering
7593;dmoz/Society/People/Singles
959;dmoz/Arts/Writers_Resources/Organizations
2386;dmoz/Society/Politics/Green
1904;dmoz/Society/Disabled/Education
7631;dmoz/Shopping/Tobacco/Cigarettes
1497;dmoz/Society/Ethnicity/Romani
7590;dmoz/Society/Work/Temporary_Employment
7848;dmoz/Society/Holidays/Holiday_Pages
800;dmoz/Society/Transgendered
2612;dmoz/Society/Work/Women
1097;dmoz/Recreation/Outdoors/Survival_and_Primitive_Technology
2663;dmoz/Society/Issues/Survivalism
217;dmoz/Business/Food_and_Related_Products/Import_and_Export
9066;dmoz/Computers/Artificial_Intelligence/Genetic_Programming
8107;dmoz/Reference/Knots/Decorative
1397;dmoz/Society/Philanthropy/Medical_Relief
7338;dmoz/Shopping/Death_Care/Online_Memorials
1455;dmoz/Computers/Computer_Science/Distributed_Computing
1927;dmoz/Business/Food_and_Related_Products/Retail
2661;dmoz/Home/Consumer_Information/Recalls
7505;dmoz/Society/Holidays/Mother's_Day
7683;dmoz/Games/Puzzles/Jigsaw
6881;dmoz/Sports/Boxing/History
1388;dmoz/Society/Military/POW-MIA
1914;dmoz/Sports/Soccer/Stadiums
8138;dmoz/Business/Transportation_and_Logistics/Taxis
1040;dmoz/Arts/Writers_Resources/Contests
855;dmoz/Science/Environment/Air_Quality
7954;dmoz/Games/Trading_Card_Games/Digimon
7192;dmoz/Society/Activism/Consumer
8211;dmoz/Science/Educational_Resources/Curriculum_Development
7834;dmoz/Arts/Visual_Arts/Installation_Art
7447;dmoz/Business/Management/Employment
958;dmoz/Shopping/Publications/University_Presses
7263;dmoz/Recreation/Pets/News_and_Media
1906;dmoz/Computers/Internet/Broadcasting
7346;dmoz/Arts/Radio/Industry
1899;dmoz/Arts/Movies/Personal_Pages
9547;dmoz/Health/Professions/Ocularistry
640;dmoz/Business/Electronics_and_Electrical/Transformers_and_Inductors
2420;dmoz/Society/Government/Embassies_and_Consulates
2186;dmoz/Science/Environment/Forests_and_Rainforests
548;dmoz/Society/Religion_and_Spirituality/New_Age
7706;dmoz/Society/Religion_and_Spirituality/News_and_Media
6946;dmoz/Science/Research_Groups_and_Centers
1822;dmoz/Home/Personal_Finance/Investing
6856;dmoz/Computers/Software/Data_Administration
2652;dmoz/Business/Real_Estate/Consulting
7806;dmoz/Arts/Periods_and_Movements/Art_Nouveau
733;dmoz/Business/Education_and_Training/Business_Development
7687;dmoz/Computers/Artificial_Intelligence/Publications
8189;dmoz/Recreation/Birding/Middle_East
1079;dmoz/Business/Telecommunications/Location_and_Tracking
8047;dmoz/Sports/Golf/Women
502;dmoz/Health/Animal
546;dmoz/Computers/Programming/Software_Testing
1810;dmoz/Arts/Television/Commercials
1547;dmoz/Health/Professions/Occupational_Therapy
7722;dmoz/Computers/Security/Public_Key_Infrastructure
1077;dmoz/Arts/Visual_Arts/Performance_Art
846;dmoz/Shopping/Food/Meat
82;dmoz/Recreation/Aviation/Pilots
7669;dmoz/Society/Future/Organizations
9077;dmoz/Recreation/Humor/Visual
657;dmoz/Home/Consumer_Information/Automobiles
826;dmoz/Sports/Cycling/Travel
8405;dmoz/Sports/Bocce/Disabled
1237;dmoz/Home/Consumer_Information/Advocacy_and_Protection
7974;dmoz/Business/Real_Estate/Inspection
520;dmoz/Shopping/Consumer_Electronics/Communications
1202;dmoz/Health/Support_Groups/Conditions_and_Diseases
403;dmoz/Computers/Internet/Domain_Names
995;dmoz/Computers/Internet/Access_Providers
2474;dmoz/Reference/Education/Alumni_Directories
2471;dmoz/Computers/Open_Source/Advocacy
1216;dmoz/Science/Social_Sciences/Political_Science
2603;dmoz/Business/Marketing_and_Advertising/By_Ethnic_or_Cultural_Focus
2414;dmoz/Recreation/Trains_and_Railroads/Directories
1279;dmoz/Business/Industrial_Goods_and_Services/Calibration_and_Testing
8146;dmoz/Shopping/Home_and_Garden/Pest_Control
7937;dmoz/Business/Telecommunications/Customer_Management
804;dmoz/Society/People/Celebrities
2037;dmoz/Society/Holidays/Holi
2540;dmoz/Business/Automotive/Specialized_Vehicles
432;dmoz/Home/Family/Multiple_Births
2233;dmoz/Science/Anomalies_and_Alternative_Science/Flat_Earth
8112;dmoz/Science/Environment/Publications
725;dmoz/Reference/Education/Methods_and_Theories
7132;dmoz/Society/Activism/Community_Building
7477;dmoz/Society/Lifestyle_Choices/Intentional_Communities
7315;dmoz/Sports/Team_Spirit/Fight_Songs
59;dmoz/Arts/Music/Personal_Pages
2270;dmoz/Arts/Music/History
1201;dmoz/Health/Support_Groups
8699;dmoz/Society/Transgendered/Intersexed
342;dmoz/Computers/Security/Consultants
2158;dmoz/Business/Human_Resources/Employee_Relations
1805;dmoz/Society/Relationships/Anger_Management
174;dmoz/Shopping/Children
8168;dmoz/Sports/Disabled/Wheelchair
568;dmoz/Sports/Tennis
45;dmoz/Shopping/Health/Alternative
744;dmoz/Society/Philosophy
1644;dmoz/Society/Religion_and_Spirituality/Esoteric_and_Occult
670;dmoz/Arts/Photography
314;dmoz/Business/Materials
190;dmoz/Science/Math
61;dmoz/Computers/Internet
951;dmoz/Recreation/Motorcycles
667;dmoz/Business/Industrial_Goods_and_Services/Fluid_Handling
402;dmoz/Business/Arts_and_Entertainment/Tools_and_Equipment
369;dmoz/Arts/Architecture/Building_Types
747;dmoz/Recreation/Living_History
1091;dmoz/Sports/Winter_Sports
1092;dmoz/Sports/Winter_Sports/Skiing
283;dmoz/Sports/Basketball/College_and_University
88;dmoz/Business/Consumer_Goods_and_Services/Sporting_Goods
371;dmoz/Business/Automotive
2553;dmoz/Society/Disabled/Universal_Design
7743;dmoz/Arts/Illustration/Editorial_Illustration
7570;dmoz/Society/Government/Companies_Registries
7726;dmoz/Home/News_and_Media/Television
8388;dmoz/Health/Public_Health_and_Safety/Indigenous_Health
7486;dmoz/Sports/Archery/Tournaments_and_Events
946;dmoz/Business/Real_Estate/Commercial
7404;dmoz/Computers/Programming/Drivers
8179;dmoz/Reference/Quotations/Daily_and_Random
8800;dmoz/Games/Trading_Card_Games/Guardians
679;dmoz/Arts/Comics
680;dmoz/Arts/Comics/Retailers
8361;dmoz/Society/Transgendered/Support_Groups
8964;dmoz/Computers/Companies/Dell
1326;dmoz/Recreation/Aviation/Aircraft
6990;dmoz/Recreation/Antiques/Silver_and_Flatware
1307;dmoz/Science/Astronomy/Observatories
2025;dmoz/Society/Military/Naval
2360;dmoz/Society/Relationships/Friendship
2448;dmoz/Society/People/Lefthanders
745;dmoz/Society/Philosophy/Personal_Pages
8548;dmoz/Society/Transgendered/Academic
629;dmoz/Business/Food_and_Related_Products/Sweeteners
7470;dmoz/Computers/Internet/Resources
2179;dmoz/Shopping/Sports/Gaelic
498;dmoz/Society/Organizations/Fraternal
8339;dmoz/Sports/Extreme_Sports/Bungee_Jumping
1127;dmoz/Science/Social_Sciences/Methodology
255;dmoz/Arts/Bodyart/Bodypainting
456;dmoz/Shopping/Vehicles/Watercraft
1477;dmoz/Shopping/Niche/Green_Living
6950;dmoz/Business/Agriculture_and_Forestry/Industrial_Hemp
7385;dmoz/Games/Trading_Card_Games/Trading
7312;dmoz/Society/Gay,_Lesbian,_and_Bisexual/Military
1059;dmoz/Computers/Security/Biometrics
7510;dmoz/Reference/Libraries/Digital
7511;dmoz/Shopping/Visual_Arts/Digital_Art
1924;dmoz/Recreation/Autos/Restoration
336;dmoz/Shopping/Office_Products/Furniture
1128;dmoz/Shopping/Home_and_Garden/Patio
7185;dmoz/Society/Activism/Resources
6900;dmoz/Recreation/Travel/Consolidators
451;dmoz/Health/Education
7306;dmoz/Reference/Time/Current_Time
2636;dmoz/Recreation/Roads_and_Highways/Oceania
16;dmoz/Sports/Equestrian/Carriage_Driving
792;dmoz/Sports/Water_Sports/Swimming_and_Diving
327;dmoz/Reference/Museums/History
2249;dmoz/Computers/Software/Office_Suites
200;dmoz/Business/Arts_and_Entertainment/Models
2101;dmoz/Business/Electronics_and_Electrical/Associations
2099;dmoz/Science/Technology/Sanitary_Engineering
1364;dmoz/Society/Disabled/Travel
2319;dmoz/Society/Disabled/Service_Animals
6860;dmoz/Recreation/Pets/Animal_Assisted_Therapy
1973;dmoz/Sports/Fantasy/Soccer
7752;dmoz/Arts/Video/Alternative_Video
2229;dmoz/Society/Religion_and_Spirituality/Native_American
788;dmoz/Society/Politics/News_and_Media
1045;dmoz/Reference/Museums/Science
8142;dmoz/Reference/Museums/Directories
975;dmoz/Business/Electronics_and_Electrical/Control_Systems
687;dmoz/Arts/Music/Styles
7069;dmoz/Arts/Music/Songwriting
2397;dmoz/Society/Lifestyle_Choices/Voluntary_Simplicity
1959;dmoz/Recreation/Food/Events
251;dmoz/Arts/Literature/Authors
6823;dmoz/Society/Crime/Publications
1913;dmoz/Society/Crime/Unsolved
7733;dmoz/Business/Automotive/Snow_Clearing
1067;dmoz/Recreation/Food/Dining_Guides
1954;dmoz/Society/Ethnicity/Finno-Ugric
7718;dmoz/Health/Child_Health/Nutrition
2107;dmoz/Arts/Writers_Resources/Copy_Editing
7708;dmoz/Computers/Software/Editors
961;dmoz/Computers/Companies
1323;dmoz/Computers/Software/Consultants
8042;dmoz/Business/Accounting/News_and_Media
2345;dmoz/Arts/Visual_Arts/Public_Art
195;dmoz/Business/Food_and_Related_Products/Snack_Foods
715;dmoz/Business/Marketing_and_Advertising/Salesmanship
1833;dmoz/Health/Teen_Health
8051;dmoz/Health/Mental_Health/Policy_and_Advocacy
598;dmoz/Business/Financial_Services/Venture_Capital
1826;dmoz/Recreation/Humor/Job-Related
607;dmoz/Business/Chemicals/Polymers
1068;dmoz/Business/Opportunities
70;dmoz/Business/Publishing_and_Printing
86;dmoz/Sports/Golf/Courses
7476;dmoz/Society/Death/News_and_Media
795;dmoz/Sports/Boxing
7295;dmoz/Games/Board_Games/Developers_and_Publishers
2169;dmoz/Business/Investing/Employment
738;dmoz/Business/Real_Estate/Development
384;dmoz/Sports/Equestrian/Racing
695;dmoz/Business/Automotive/Auto_Racing
7166;dmoz/Health/Fitness/Posture
234;dmoz/Recreation/Theme_Parks
235;dmoz/Recreation/Theme_Parks/Individual_Parks
1629;dmoz/Shopping/Health/Massage_Equipment
7245;dmoz/Business/Industrial_Goods_and_Services/News_and_Media
8811;dmoz/Recreation/Guns/Shotguns_and_Smoothbores
2556;dmoz/Health/Education/High_School_Health
861;dmoz/Business/Financial_Services/Offshore_Services
1934;dmoz/Arts/Movies/Contests
273;dmoz/Shopping/Entertainment/Party_Supplies
2033;dmoz/Health/Alternative/Tibetan_Medicine
7364;dmoz/Sports/Greyhound_Racing/Tracks
666;dmoz/Society/Gay,_Lesbian,_and_Bisexual/Student
2382;dmoz/Science/Technology/Pyrotechnics
7040;dmoz/Society/Sexuality/Sexual_Addiction
7680;dmoz/Computers/Security/Advisories_and_Patches
8166;dmoz/Science/Physics/News_and_Media
619;dmoz/Arts/Design
1825;dmoz/Health/Education/Patient_Education
936;dmoz/Business/Arts_and_Entertainment/Agents_and_Agencies
8176;dmoz/Recreation/Collecting/Shells
7953;dmoz/Health/Support_Groups/Mental_Health
1925;dmoz/Business/Automotive/Car_Rentals
6972;dmoz/Business/Cooperatives
2253;dmoz/Home/Home_Improvement/Floors
531;dmoz/Arts/Television/Networks
20;dmoz/Business/Education_and_Training/Driving
1891;dmoz/Health/Child_Health/Immunizations
6954;dmoz/Shopping/Health/Home_Tests
1488;dmoz/Business/Opportunities/Inventions
7836;dmoz/Business/Biotechnology_and_Pharmaceuticals/Technology_Transfer
8269;dmoz/Science/Environment/Chats_and_Forums
7503;dmoz/Sports/Events/Island_Games
2235;dmoz/Reference/Maps/Google_Maps
8785;dmoz/Shopping/Antiques_and_Collectibles/September_11,_2001
7319;dmoz/Business/Investing/Resources
106;dmoz/Business/Industrial_Goods_and_Services/Industrial_Supply
1480;dmoz/Reference/Libraries/Library_and_Information_Science
6905;dmoz/Games/Resources
149;dmoz/Business/Investing/News_and_Media
1228;dmoz/Recreation/Outdoors/Scuba_Diving
1869;dmoz/Sports/Boxing/Fan_Pages
7279;dmoz/Recreation/Antiques/Toilets
485;dmoz/Health/Alternative/Coaching
2646;dmoz/Business/Construction_and_Maintenance/Estimating
943;dmoz/Business/Real_Estate/Education_and_Training
1946;dmoz/Shopping/Children/Parties
1249;dmoz/Sports/Motorsports/Motorcycle_Racing
7701;dmoz/Sports/Rodeo/Bullriding
2590;dmoz/Shopping/Home_and_Garden/Garden_Shops
2591;dmoz/Home/Consumer_Information/Lawn_and_Garden
1567;dmoz/Computers/Systems/Sinclair
1881;dmoz/Business/Aerospace_and_Defense/Space
7462;dmoz/Health/Pharmacy/Prescription_Services
131;dmoz/Business/Environment/Waste_Management
571;dmoz/Computers/Mobile_Computing
2213;dmoz/Shopping/Sports/Petanque
8275;dmoz/Reference/Quotations/Political
1206;dmoz/Business/Automotive/Import_and_Export
1574;dmoz/Sports/Water_Sports/Surfing
1272;dmoz/Games/Gambling/Casinos
1273;dmoz/Games/Gambling/Consultants
2087;dmoz/Health/Alternative/Alexander_Technique
1166;dmoz/Shopping/Pets/Birds
2655;dmoz/Shopping/Pets/Small_Mammals
7347;dmoz/Society/Crime/Criminals
830;dmoz/Business/Mining_and_Drilling
734;dmoz/Arts/Online_Writing/Journals
8896;dmoz/Recreation/Outdoors/Maps
1785;dmoz/Recreation/Picture_Ratings/Automobiles
2088;dmoz/Home/Consumer_Information/Arts_and_Entertainment
7400;dmoz/Health/Public_Health_and_Safety/Organizations
210;dmoz/Arts/Movies/Education
2142;dmoz/Arts/Animation/Stop-Motion
1685;dmoz/Shopping/Crafts/Nature
1196;dmoz/Society/Philosophy/Movements
2469;dmoz/Computers/Open_Source/Articles
7228;dmoz/Health/Beauty/Advice
7402;dmoz/Business/Transportation_and_Logistics/Special_Goods_and_Terms
7034;dmoz/Sports/Volleyball/High_School
529;dmoz/Sports/Resources
822;dmoz/Sports/Football/Australian_Rules
8557;dmoz/Business/News_and_Media/Regional
7011;dmoz/Computers/Hacking/HERF,_EMP,_Tempest
2244;dmoz/Sports/Soccer/CONMEBOL
52;dmoz/Games/Video_Games/Browser_Based
997;dmoz/Health/Conditions_and_Diseases/Eye_Disorders
9424;dmoz/Business/Food_and_Related_Products/Kosher
639;dmoz/Games/Puzzles/Mazes
578;dmoz/Health/Weight_Loss
919;dmoz/Business/Healthcare/Healthcare_Management
90;dmoz/Science/Earth_Sciences/Geology
509;dmoz/Reference/Knowledge_Management
7198;dmoz/Business/Investing/Retirement_Planning
8203;dmoz/Recreation/Birding/Trip_Reports
1164;dmoz/Recreation/Birding/North_America
7237;dmoz/Health/Public_Health_and_Safety/Policy_and_Regulation
8177;dmoz/Computers/Emulators/Amstrad
1335;dmoz/Recreation/Collecting/Stamps
980;dmoz/Society/Law/Education
7223;dmoz/Society/Sexuality/Sexology
1780;dmoz/Recreation/Humor/Advice
8105;dmoz/Recreation/Antiques/Posters
572;dmoz/Computers/Mobile_Computing/Wireless_Data
326;dmoz/Reference/Museums
2286;dmoz/Society/Transgendered/Religion_and_Spirituality
2609;dmoz/Sports/Events/South_East_Asian_Games
7762;dmoz/Computers/Desktop_Publishing/Greeting_Cards
9257;dmoz/Society/Sexuality/Masturbation
7592;dmoz/Sports/Cycling/Safety
220;dmoz/Sports/Baseball/Youth
383;dmoz/Sports/Fantasy
621;dmoz/Science/Math/Number_Theory
2117;dmoz/Arts/Television/Guides
8264;dmoz/Shopping/Clothing/Outerwear
8292;dmoz/Shopping/Food/Soups_and_Stews
2548;dmoz/Arts/Comics/Fan_Pages
7827;dmoz/Recreation/Pets/Resources
1887;dmoz/Recreation/Parties/Directories
8013;dmoz/Games/Roleplaying/Web_Rings
153;dmoz/Business/Investing/Brokerages
2226;dmoz/Recreation/Outdoors/Offroad_Vehicles
7909;dmoz/Society/Subcultures/Anti_Social
7748;dmoz/Recreation/Motorcycles/Directories
7843;dmoz/Arts/Video/Directories
2350;dmoz/Health/Resources
8632;dmoz/Health/Resources/Professional
1533;dmoz/Shopping/Consumer_Electronics/Audio
1189;dmoz/Games/Video_Games/Roleplaying
573;dmoz/Arts/Movies/Reviews
1109;dmoz/Business/Investing/Software
1121;dmoz/Business/Financial_Services/Financial_Consultants
724;dmoz/Reference/Education/Distance_Learning
1984;dmoz/Arts/Writers_Resources/Writing_Exercises
2138;dmoz/Science/Reference/Units_of_Measurement
9126;dmoz/Computers/CAD_and_CAM/Drawing_Exchange_and_Interoperability
8505;dmoz/Society/History/Timelines
1098;dmoz/Business/Transportation_and_Logistics/Distribution_and_Logistics
985;dmoz/Business/Textiles_and_Nonwovens/Textiles
7085;dmoz/Society/People/Namesakes
71;dmoz/Business/Publishing_and_Printing/Printing
165;dmoz/Business/Industrial_Goods_and_Services/Machinery_and_Tools
1024;dmoz/Computers/Software/Graphics
280;dmoz/Sports/Basketball
847;dmoz/Recreation/Radio
64;dmoz/Computers/Software
57;dmoz/Shopping/Entertainment/Recordings
7805;dmoz/Computers/Programming/Contests
8356;dmoz/Recreation/Pets/Contests
1447;dmoz/Society/Paranormal/UFOs
8320;dmoz/Computers/Data_Formats/Conversion
7612;dmoz/Society/Sexuality/Celibacy
2260;dmoz/Sports/Volleyball/Outdoors
2261;dmoz/Sports/Soccer/Beach_Soccer
1361;dmoz/Business/Business_Services/Outsourcing
1318;dmoz/Business/Textiles_and_Nonwovens/Fibers
7471;dmoz/Computers/Companies/IBM
410;dmoz/Science/Social_Sciences/Communication
7644;dmoz/Society/Gay,_Lesbian,_and_Bisexual/Youth
1683;dmoz/Reference/Archives
7392;dmoz/Sports/Equestrian/Shows
1612;dmoz/Society/People/College_Life
6947;dmoz/Society/Military/Educational_and_Academic
2403;dmoz/Business/Hospitality/Hotels_and_Motels
2321;dmoz/Recreation/Roads_and_Highways/Bridges_and_Tunnels
9097;dmoz/Computers/Emulators/ABC80
8151;dmoz/Society/Advice/Members_Only
213;dmoz/Science/Technology/Food_Science
6829;dmoz/Business/Food_and_Related_Products/Wholesale_and_Distribution
2147;dmoz/Business/Investing/Derivatives
2461;dmoz/Society/Politics/Monarchy
8740;dmoz/Business/Materials/Animal_Products
8117;dmoz/Arts/Crafts/Balloon_Sculpting
7415;dmoz/Arts/Television/Interactive
15;dmoz/Sports/Equestrian
148;dmoz/Sports/Equestrian/Breeds
1080;dmoz/Sports/Track_and_Field
720;dmoz/Arts/Visual_Arts/Painting
1297;dmoz/Reference/Dictionaries/By_Subject
6956;dmoz/Business/Aerospace_and_Defense/Associations
1000;dmoz/Recreation/Motorcycles/Organizations
6960;dmoz/Society/Subcultures/Bikers
1962;dmoz/Society/Holidays/Diwali
8433;dmoz/Reference/Almanacs/Science
2665;dmoz/Shopping/Sports/Theme_Merchandise
7741;dmoz/Shopping/Weddings/Reception
8479;dmoz/Health/Child_Health/Organizations
1722;dmoz/Society/Religion_and_Spirituality/Sikhism
8583;dmoz/Health/Conditions_and_Diseases/Digestive_Disorders
1503;dmoz/Business/Financial_Services/Employment
8670;dmoz/Reference/Knowledge_Management/Employment
6930;dmoz/Reference/Archives/Records_Management
8504;dmoz/Games/Gambling/Bingo
8456;dmoz/Sports/Equestrian/Sidesaddle
7525;dmoz/Society/Genealogy/Heraldry
8247;dmoz/Computers/Artificial_Intelligence/Vision
105;dmoz/Business/Industrial_Goods_and_Services
25;dmoz/Sports/Paintball/Teams
1122;dmoz/Shopping/Crafts/Toiletries
513;dmoz/Health/News_and_Media
1540;dmoz/Health/News_and_Media/Publications
2068;dmoz/Sports/Soccer/Fun
7426;dmoz/Business/Accounting/Household_Employment
1828;dmoz/Society/Holidays/Memorial_Day
2370;dmoz/Games/Video_Games/Clans_and_Guilds
8549;dmoz/Society/Work/Job_Burnout
7370;dmoz/Business/Hospitality/Employment
2174;dmoz/Health/Animal/Livestock
7439;dmoz/Sports/Motorsports/Tractor_and_Truck_Pulling
802;dmoz/Health/Conditions_and_Diseases/Musculoskeletal_Disorders
7219;dmoz/Society/Folklore/Religion
8918;dmoz/Computers/Security/Directories
1319;dmoz/Business/Chemicals/Coatings_and_Adhesives
1704;dmoz/Arts/Crafts/Jewelry
1725;dmoz/Shopping/Jewelry/Supplies
912;dmoz/Business/Biotechnology_and_Pharmaceuticals/Contract_Research_Organizations
1606;dmoz/Health/Reproductive_Health/Infertility
1392;dmoz/Business/Food_and_Related_Products/Confectionery
2433;dmoz/Business/Investing/Exchanges
223;dmoz/Shopping/Sports/Baseball
2143;dmoz/Recreation/Pets/Issues
7549;dmoz/Business/Marketing_and_Advertising/Associations
1356;dmoz/Science/Environment/Environmental_Health
1288;dmoz/Business/Financial_Services/Leasing_Services
1348;dmoz/Recreation/Climbing/Indoor
2405;dmoz/Society/Future/Projects
7062;dmoz/Sports/Fencing/News_and_Media
7597;dmoz/Society/History/On_This_Day_in_History
2171;dmoz/Recreation/Humor/Parenting
2688;dmoz/Society/Relationships/Long_Distance
8413;dmoz/Computers/Hacking/Organizations
7253;dmoz/Sports/Strength_Sports/Highland_Games
1857;dmoz/Arts/People
2592;dmoz/Society/Issues/Conferences
7959;dmoz/Recreation/Radio/GMRS_and_FRS
85;dmoz/Sports/Golf
1081;dmoz/Sports/Track_and_Field/College_and_University
1225;dmoz/Business/Business_Services/Design
166;dmoz/Business/Electronics_and_Electrical
7603;dmoz/Home/Cooking/Techniques
1821;dmoz/Reference/Parliamentary_Procedure
8111;dmoz/Health/Public_Health_and_Safety/Statistics
7987;dmoz/Shopping/Death_Care/Caskets
1965;dmoz/Society/Holidays/Birthdays
95;dmoz/Shopping/Pets/Reptiles_and_Amphibians
1509;dmoz/Recreation/Pets/Reptiles_and_Amphibians
8200;dmoz/Society/Politics/Tests_and_Quizzes
2031;dmoz/Shopping/Ethnic_and_Regional/Oceanian
2313;dmoz/Business/Human_Resources/Government_Agencies
8208;dmoz/Games/Conventions/Africa
8503;dmoz/Home/Homemaking/Celebrity_Homemakers
969;dmoz/Computers/Data_Communications
7171;dmoz/Computers/Data_Communications/DSL
8094;dmoz/Sports/Equestrian/Gymkhana
2587;dmoz/Shopping/Home_and_Garden/Bathroom
390;dmoz/Shopping/Home_and_Garden
1699;dmoz/Games/Video_Games/Strategy
612;dmoz/Shopping/Antiques_and_Collectibles
97;dmoz/Shopping/Music
653;dmoz/Society/History/By_Topic
6921;dmoz/Sports/Martial_Arts/Chung_Moo_Doe
8090;dmoz/Games/Trading_Card_Games/Bloodwars
8091;dmoz/Sports/Motorsports/History
7582;dmoz/Business/Management/Business_Transformation
7627;dmoz/Health/Medicine/Reference
2669;dmoz/Games/Hand-Eye_Coordination/Booby-Trap
7092;dmoz/Games/Tile_Games/Spectrangle
1075;dmoz/Shopping/Sports/Tennis
2479;dmoz/Sports/Tennis/Personal_Pages
8753;dmoz/Computers/Data_Communications/News_and_Media
7282;dmoz/Business/Small_Business/Associations
7491;dmoz/Home/Home_Improvement/Kitchens
2274;dmoz/Society/Holidays/St._Patrick's_Day
2702;dmoz/Society/Work/Self-Employment
7893;dmoz/Shopping/Antiques_and_Collectibles/Advertising_Collectibles
6883;dmoz/Sports/Boxing/Regional
7046;dmoz/Recreation/Humor/Celebrities
2294;dmoz/Shopping/Consumer_Electronics/Home_Automation
1049;dmoz/Shopping/Entertainment/Tickets
7124;dmoz/Recreation/Roads_and_Highways/Fictional
7480;dmoz/Recreation/Roads_and_Highways/Exit_Lists
783;dmoz/Business/Electronics_and_Electrical/Instrumentation
7016;dmoz/Recreation/Motorcycles/Women
888;dmoz/Shopping/Home_and_Garden/Flags_and_Banners
889;dmoz/Reference/Flags
1152;dmoz/Recreation/Collecting/Coins
1153;dmoz/Shopping/Antiques_and_Collectibles/Coins
646;dmoz/Business/Arts_and_Entertainment/Beauty_Pageants
1517;dmoz/Shopping/Antiques_and_Collectibles/Clothing
6970;dmoz/Health/Mental_Health/Weblogs
2167;dmoz/Society/Relationships/Kissing
2066;dmoz/Society/Future/Millennialism
278;dmoz/Business/Employment
279;dmoz/Business/Employment/Resumes_and_Portfolios
1576;dmoz/Reference/Education/Organizations
1377;dmoz/Business/Energy/Electricity
973;dmoz/Computers/Security/Intrusion_Detection_Systems
7550;dmoz/Sports/Racquetball/Courts
1160;dmoz/Sports/Equestrian/Show_Jumping
2120;dmoz/Computers/Software/Year_2000
2330;dmoz/Sports/Events/Mediterranean_Games
8500;dmoz/Recreation/Kites/Plans
2287;dmoz/Society/Religion_and_Spirituality/Community
2214;dmoz/Sports/People
507;dmoz/Science/Biology/Ecology
7316;dmoz/Business/Customer_Service/Conferences
7753;dmoz/Recreation/Humor/Audio_and_Video_Clips
635;dmoz/Recreation/Collecting/Food_and_Drink_Related
2395;dmoz/Sports/Basketball/Coaching
753;dmoz/Society/Paranormal
179;dmoz/Home
949;dmoz/Health/Animal/Veterinary_Medicine
484;dmoz/Health/Alternative
309;dmoz/Business/Construction_and_Maintenance/Tools_and_Equipment
8606;dmoz/Science/Instruments_and_Supplies/Laboratory_Computers_and_Software
8029;dmoz/Sports/Disabled/Cerebral_Palsy
8533;dmoz/Sports/Cricket/Art_and_Literature
2380;dmoz/Home/Apartment_Living/Roommates
8680;dmoz/Computers/Bulletin_Board_Systems/Individual_Systems
7395;dmoz/Computers/Usenet/Newsgroup_Hosting
8133;dmoz/Arts/Video/Training
2289;dmoz/Sports/Walking
282;dmoz/Sports/Basketball/Professional
1789;dmoz/Society/Advice
8004;dmoz/Computers/CAD_and_CAM/PTC_Pro_Engineer
1168;dmoz/Business/Chemicals/Wholesale_and_Distribution
8522;dmoz/Shopping/Jewelry/Diamonds
347;dmoz/Shopping/Toys_and_Games/Trading_Cards
1344;dmoz/Recreation/Pets/Rabbits
526;dmoz/Business/Food_and_Related_Products/Beverages
530;dmoz/Sports/Resources/News_and_Media
7720;dmoz/Recreation/Boating/Marine_Communication
8394;dmoz/Games/Trading_Card_Games/7th_Sea
767;dmoz/Health/Pharmacy
354;dmoz/Recreation/Collecting/Sports
7874;dmoz/Arts/Music/Music_Videos
2073;dmoz/Sports/Running/Personal_Pages
2701;dmoz/Society/Philanthropy/Social_Enterprise
6808;dmoz/Recreation/Antiques/Cash_Registers
7920;dmoz/Society/Gay,_Lesbian,_and_Bisexual/People
8307;dmoz/Society/Sexuality/News
7565;dmoz/Games/Party_Games/Icebreaker_Games
769;dmoz/Shopping/Clothing/Uniforms
7080;dmoz/Society/Future/Predictions
2430;dmoz/Health/Beauty/Hair
535;dmoz/Recreation/Camps/Special_Needs
2332;dmoz/Home/Homeowners/Pest_Control
1373;dmoz/Science/Educational_Resources
7195;dmoz/Recreation/Knives/Activities
7819;dmoz/Sports/Martial_Arts/Kurash
7915;dmoz/Recreation/Roads_and_Highways/Signs_and_Signals
857;dmoz/Shopping/Home_and_Garden/Climate_Control
2093;dmoz/Society/Government/Aviation_Authorities
8284;dmoz/Recreation/Guns/Books_and_Magazines
2017;dmoz/Recreation/Birding/Oceania
466;dmoz/Business/Electronics_and_Electrical/Power_Supplies
1470;dmoz/Society/Organizations/Lineage
1841;dmoz/Health/Medicine/Directories
1866;dmoz/Society/Religion_and_Spirituality/Universal_Life_Church
2026;dmoz/Shopping/Antiques_and_Collectibles/Religious_and_Inspirational
492;dmoz/Society/Politics/Liberalism
1956;dmoz/Society/Crime/News_and_Media
7336;dmoz/Science/Events/Conferences
490;dmoz/Shopping/Home_and_Garden/Water_Gardens
1931;dmoz/Business/Chemicals/Fine-Chemical_Intermediates
1054;dmoz/Health/Home_Health/Home_Care
7182;dmoz/Sports/Water_Sports/Surf_Life_Saving
8324;dmoz/Society/Gay,_Lesbian,_and_Bisexual/History
1890;dmoz/Home/Personal_Finance/Philanthropy
814;dmoz/Computers/Virtual_Reality/Multi-User_Systems
1290;dmoz/Reference/Education/Instructional_Technology
7207;dmoz/Computers/CAD_and_CAM/Associations
7208;dmoz/Reference/Ask_an_Expert/Writing
6975;dmoz/Society/Support_Groups/Twelve_Step
7517;dmoz/Computers/Hardware/Calculators
2317;dmoz/Arts/Literature/Awards_and_Bestsellers
2329;dmoz/Arts/Music/Awards
8331;dmoz/Business/Retail_Trade/News_and_Media
9175;dmoz/Arts/Music/Arranging
170;dmoz/Business/Electronics_and_Electrical/Electromechanical
2644;dmoz/Health/Public_Health_and_Safety/Patient_Safety
1443;dmoz/Shopping/Travel
1444;dmoz/Shopping/Travel/Luggage
810;dmoz/Business/Consumer_Goods_and_Services/Luggage_and_Bags
7209;dmoz/Games/Tile_Games/Dominoes
759;dmoz/Arts/Entertainment/Weblogs
7108;dmoz/Home/Entertaining/Children
7713;dmoz/Recreation/Aviation/Chats_and_Forums
626;dmoz/Computers/Security/Malicious_Software
7460;dmoz/Arts/Visual_Arts/Collectives
1441;dmoz/Science/Math/Statistics
1484;dmoz/Science/Software
2657;dmoz/Health/Professions/Physician_Assistant
7367;dmoz/Reference/Time/Alternative_Systems
528;dmoz/Arts/Television/Stations
8206;dmoz/Business/Aerospace_and_Defense/Directories
1292;dmoz/Sports/Running/Hashing
2709;dmoz/Society/Ethnicity/French
8917;dmoz/Society/Support_Groups/Codependency
1099;dmoz/Business/Management/Supply_Chain
1066;dmoz/Shopping/Clothing/Formal_Wear
8040;dmoz/Business/Accounting/Education_and_Training
659;dmoz/Recreation/Models/Scale
2196;dmoz/Home/Cooking/Pizza
703;dmoz/Society/Philanthropy/Volunteering
2696;dmoz/Society/Sexuality/Sex_Education
714;dmoz/Arts/Visual_Arts/Drawing
7095;dmoz/Home/Homeowners/Home_Buyers
7768;dmoz/Shopping/Directories
6938;dmoz/Sports/Volleyball/Organizations
1978;dmoz/Arts/Comics/Comic_Strips_and_Panels
7357;dmoz/Arts/Illustration/Cartoons
1630;dmoz/Health/Alternative/Massage_Therapy_and_Bodywork
91;dmoz/Business/Investing/Research_and_Analysis
8946;dmoz/Home/Family/Chats_and_Forums
2122;dmoz/Science/Astronomy/Images
8676;dmoz/Society/Issues/Chats_and_Forums
9322;dmoz/Society/History/Chats_and_Forums
1420;dmoz/Computers/Software/Spreadsheets
2625;dmoz/Arts/Music/Charts
1208;dmoz/Shopping/Clothing/Footwear
7419;dmoz/Health/Senses/Smell_and_Taste
1999;dmoz/Society/Politics/Parties
6964;dmoz/Business/News_and_Media/Newspapers
7502;dmoz/Games/Hand-Eye_Coordination/Crokinole
1462;dmoz/Science/Physics/Alternative
1542;dmoz/Science/Physics/Quantum_Mechanics
7949;dmoz/Sports/Track_and_Field/High_School
376;dmoz/Science/Physics/Education
8191;dmoz/Society/Philosophy/Philosophy_of_Religion
1112;dmoz/Computers/Software/Help_Desk
7719;dmoz/Health/Nutrition/Resources
8385;dmoz/Shopping/Food/Prepared_Meals
7563;dmoz/Shopping/Crafts/Paper
8721;dmoz/Recreation/Collecting/Phonecards
820;dmoz/Recreation/Humor/Jokes
389;dmoz/Business/Agriculture_and_Forestry/Field_Crops
2694;dmoz/Science/Agriculture/Products_and_Services
47;dmoz/Sports/Football/Rugby_League
710;dmoz/Games/Gambling/Sports
48;dmoz/Sports/Events
53;dmoz/Sports/Events/Olympics
785;dmoz/Business/Retail_Trade/Store_Fixtures
7190;dmoz/Business/Financial_Services/Education_and_Training
7504;dmoz/Shopping/Holidays/Valentine's_Day
771;dmoz/Business/Hospitality/Food_Service
8707;dmoz/Sports/Resources/Trivia
7105;dmoz/Computers/Hacking/Conventions
2720;dmoz/Computers/Companies/Microsoft_Corporation
6918;dmoz/Computers/Consultants/Microsoft
1118;dmoz/Shopping/Home_and_Garden/Electrical
1874;dmoz/Society/Ethnicity/Organizations
2408;dmoz/Society/Activism/Video
2726;dmoz/Business/International_Business_and_Trade/Consulting
1476;dmoz/Society/Paranormal/Ghosts
1658;dmoz/Society/Holidays/Halloween
1998;dmoz/Business/Mining_and_Drilling/Associations
7614;dmoz/Games/Trading_Card_Games/Boy_Crazy
6862;dmoz/Society/Work/Grievances
8126;dmoz/Recreation/Boating/Associations
8627;dmoz/Business/Transportation_and_Logistics/Armored_Car_Service
2391;dmoz/Recreation/Aviation/Resources
7518;dmoz/Sports/Lacrosse/Drills_and_Coaching
7162;dmoz/Arts/Online_Writing/Mixed_Genre
2389;dmoz/Home/Home_Improvement/Painting
930;dmoz/Recreation/Travel/Publications
508;dmoz/Science/Math/Operations_Research
632;dmoz/Business/Food_and_Related_Products/Dairy
1850;dmoz/Shopping/Auctions/Boats
2149;dmoz/Business/Business_Services/Barter
931;dmoz/Business/Hospitality/Travel
7717;dmoz/Health/Pharmacy/Organizations
7746;dmoz/Science/Methods_and_Techniques/Imaging_Science
7200;dmoz/Society/Work/Shift_Work
2340;dmoz/Business/Automotive/Electric_Vehicles
8589;dmoz/Business/Industrial_Goods_and_Services/Coating_and_Laminating
8719;dmoz/Business/Food_and_Related_Products/Halal
7643;dmoz/Health/Animal/Drugs_and_Medications
2393;dmoz/Arts/Music/Anti-Music
1872;dmoz/Shopping/Niche/Politics
9152;dmoz/Society/Gay,_Lesbian,_and_Bisexual/Homophobia
702;dmoz/Business/Management/Organizational_Development
2555;dmoz/Science/Educational_Resources/Assessment
1846;dmoz/Health/Nursing/Volunteer_Opportunities
7508;dmoz/Games/Trading_Card_Games/Lord_of_the_Rings
172;dmoz/Business/Construction_and_Maintenance/Commercial_Contractors
8925;dmoz/Business/Financial_Services/Freelancer-Contractor_Services
8096;dmoz/Health/Women's_Health/Resources
7204;dmoz/Shopping/Death_Care/Memorials
1917;dmoz/Health/Conditions_and_Diseases/Chronic_Illness
7310;dmoz/Games/Trading_Card_Games/Shadowrun
2089;dmoz/Society/Genealogy/Royalty
8709;dmoz/Shopping/Crafts/Metal
2293;dmoz/Science/Anomalies_and_Alternative_Science/The_Philadelphia_Experiment
2515;dmoz/Business/Wholesale_Trade/Liquidators
8147;dmoz/Business/Management/Public_Sector
8376;dmoz/Shopping/Jewelry/Charms
1253;dmoz/Science/Biology/Neurobiology
8726;dmoz/Society/Activism/Internet
214;dmoz/Business/Food_and_Related_Products/Consulting
7858;dmoz/Society/Disabled/Statistics
2058;dmoz/Arts/Performing_Arts/Busking_and_Street_Performing
1705;dmoz/Society/Religion_and_Spirituality/Unitarianism_and_Universalism
7246;dmoz/Science/Environment/Employment
692;dmoz/Business/Management/Project_and_Program_Management
1034;dmoz/Science/Agriculture/Soils
